{
  "name": "wookmark",
  "title": "jQuery Wookmark",
  "description": "jQuery plugin for laying out elements of varying heights in a column-based grid. It also contains support for filtering and sorting items. A lot of examples are included showing how to use all the available options.",
  "keywords": [
    "ui",
    "layout",
    "amd",
    "filtering",
    "gallery",
    "responsive"
  ],
  "version": "1.4.8",
  "author": {
    "name": "Christoph Ono",
    "url": "http://germanysbestkeptsecret.com"
  },
  "licenses": [
    {
      "type": "MIT",
      "url": "https://raw.github.com/GBKS/Wookmark-jQuery/master/MIT-LICENSE.txt"
    }
  ],
  "maintainers": [
    {
      "name": "Christoph Ono",
      "url": "http://germanysbestkeptsecret.com"
    },
    {
      "name": "Sebastian Helzle",
      "email": "sebastian@helzle.net",
      "url": "http://www.sebastianhelzle.net"
    }
  ],
  "bugs": "https://github.com/GBKS/Wookmark-jQuery/issues",
  "homepage": "https://github.com/GBKS/Wookmark-jQuery",
  "docs": "http://www.wookmark.com/jquery-plugin",
  "demo": "http://www.wookmark.com/jquery-plugin",
  "dependencies": {
    "jquery": ">=1.5.3"
  }
}
